clip,success,result,offset_cm,tilt_deg,seconds,pushed_copies_ok
IMG_8682,True,success,0.2,0.0,8.2,3
IMG_8683,True,success,0.7,0.0,8.7,2
IMG_8684,True,success,0.6,0.0,9.2,3
IMG_8685,True,success,0.1,0.0,10.4,2
IMG_8686,True,success,0.7,0.0,9.0,3
IMG_8687,True,success,1.3,0.0,10.5,3
IMG_8688,True,success,0.5,0.0,10.5,2
IMG_8689,True,success,0.9,0.0,8.7,3
IMG_8690,True,success,0.2,0.0,10.7,2
IMG_8691,True,success,0.7,0.0,9.0,3
IMG_8692,True,success,1.0,0.0,12.3,3
IMG_8693,True,success,0.7,0.0,11.5,3
IMG_8694,True,success,0.3,0.0,10.5,0
IMG_8695,True,success,0.6,0.0,9.6,3
IMG_8696,True,success,0.5,0.0,11.6,3
IMG_8697,True,success,0.6,0.0,11.4,3
IMG_8698,True,success,0.3,0.0,13.7,3
IMG_8699,True,success,0.7,0.0,8.6,3
IMG_8701,True,success,0.7,0.0,8.9,3
IMG_8702,True,success,0.4,0.0,9.8,2
IMG_8703,True,success,0.6,0.0,9.5,3
IMG_8704,True,success,0.6,0.0,9.1,3
IMG_8705,True,success,0.3,0.0,9.8,3
IMG_8706,True,success,0.9,0.0,9.9,3
IMG_8707,True,success,0.7,0.0,9.6,2
IMG_8708,True,success,0.4,0.0,11.9,2
IMG_8709,True,success,0.7,0.0,11.8,2
IMG_8710,False,missed the coaster,14.0,0.0,24.0,0
IMG_8711,True,success,0.9,0.0,8.6,2
IMG_8712,True,success,0.4,0.0,12.0,3
IMG_8713,True,success,0.8,0.0,9.5,3
IMG_8714,True,success,0.4,0.0,12.8,3
IMG_8716,True,success,0.5,0.0,9.1,3
IMG_8717,True,success,0.7,0.0,9.4,3
IMG_8718,True,success,0.4,0.0,10.9,2
IMG_8719,True,success,0.6,0.0,9.2,3
IMG_8720,True,success,0.3,0.0,9.7,3
IMG_8721,True,success,0.2,0.0,12.5,3
IMG_8722,True,success,0.1,0.0,11.3,2
IMG_8723,True,success,0.7,0.0,10.8,3
