clip,found_by,yoloe_conf,mask_vs_shape,distance_check_cm,start_x_cm,start_y_cm,max_height_cm,from_coaster_centre_cm,grasp_s,release_s,warnings
IMG_8682,YOLOE,0.75,0.75,0.4,-27.9,-9.2,8.4,0.1,5.6,8.6,0
IMG_8683,YOLOE,0.9,0.91,0.2,-11.6,-0.5,9.7,0.7,6.367,9.1,0
IMG_8684,YOLOE,0.75,0.54,2.2,-40.2,-22.6,9.8,0.4,4.667,7.3,0
IMG_8685,YOLOE,0.46,0.61,1.7,-52.1,5.2,12.8,0.3,4.767,7.7,0
IMG_8686,YOLOE,0.61,0.69,0.3,-36.9,0.2,12.3,0.9,4.533,7.4,0
IMG_8687,YOLOE,0.51,0.73,0.3,-46.0,19.9,18.1,1.2,4.533,8.1,0
IMG_8688,YOLOE,0.44,0.59,1.4,-57.7,3.3,9.2,0.4,3.633,8.067,0
IMG_8689,YOLOE,0.91,0.81,0.8,-9.8,-6.0,10.5,0.6,4.567,10.133,0
IMG_8690,YOLOE,0.41,0.66,1.3,-50.8,10.4,18.0,0.3,5.9,9.767,0
IMG_8691,YOLOE,0.6,0.58,1.8,8.8,-17.7,7.0,0.5,4.267,9.133,0
IMG_8692,YOLOE,0.46,0.6,1.6,-57.9,-0.5,15.4,0.8,5.3,10.967,0
IMG_8693,YOLOE,0.59,0.71,0.6,-43.4,18.3,16.7,0.6,4.633,10.333,0
IMG_8694,YOLOE,0.78,0.76,0.3,-25.4,-22.0,10.8,0.5,4.9,10.5,0
IMG_8695,YOLOE,0.67,0.64,1.1,-38.2,-8.5,13.5,0.4,3.933,9.533,0
IMG_8696,YOLOE,0.65,0.62,1.4,-50.0,2.1,19.4,0.4,4.5,10.1,0
IMG_8697,YOLOE,0.4,0.6,1.7,-55.9,5.2,19.5,0.5,4.433,7.833,0
IMG_8698,YOLOE,0.51,0.58,1.8,-56.8,3.3,11.2,0.2,3.967,10.033,0
IMG_8699,YOLOE,0.74,0.86,1.3,-10.6,-11.4,9.9,0.7,4.733,9.333,0
IMG_8700,YOLOE,0.6,0.52,13.7,-43.8,-23.9,0.5,0.2,4.5,7.867,1
IMG_8701,YOLOE,0.46,0.96,0.3,-16.1,-9.7,12.1,0.3,5.933,10.567,0
IMG_8702,YOLOE,0.62,0.6,1.8,10.6,-6.8,7.7,0.3,4.933,8.467,0
IMG_8703,YOLOE,0.76,0.7,1.4,-32.2,-19.3,10.9,0.3,6.667,11.733,0
IMG_8704,YOLOE,0.73,0.7,1.6,-36.3,-7.4,8.7,0.2,3.533,8.267,0
IMG_8705,YOLOE,0.73,0.69,1.4,-34.2,-9.4,11.4,0.3,4.967,9.567,0
IMG_8706,YOLOE,0.74,0.73,0.6,-33.7,-1.0,14.8,0.5,4.533,9.133,0
IMG_8707,YOLOE,0.81,0.96,0.3,-16.5,0.7,12.2,0.4,4.5,9.067,0
IMG_8708,YOLOE,0.58,0.58,2.0,-55.3,-1.4,11.1,0.5,5.267,10.167,0
IMG_8709,YOLOE,0.57,0.76,0.9,-44.2,19.7,10.3,0.3,5.0,11.0,0
IMG_8710,YOLOE,0.8,0.67,1.1,-29.2,-23.1,9.8,0.5,4.133,8.967,0
IMG_8711,YOLOE,0.65,0.79,0.7,-27.3,-16.4,10.1,0.6,4.533,8.033,0
IMG_8712,YOLOE,0.28,0.67,1.5,-53.3,14.0,13.4,0.5,5.033,11.167,0
IMG_8713,YOLOE,0.78,0.92,2.2,-13.8,13.9,6.9,0.7,6.1,10.533,0
IMG_8714,YOLOE,0.51,0.57,2.0,-59.1,1.6,8.2,0.5,3.733,11.8,0
IMG_8715,YOLOE,0.41,0.88,0.5,-15.6,-18.8,12.4,0.2,2.633,7.233,1
IMG_8716,YOLOE,0.73,0.81,0.1,-10.6,-11.0,7.4,0.4,6.333,9.733,0
IMG_8717,YOLOE,0.64,0.88,2.0,-36.1,15.1,8.1,0.7,5.667,10.267,0
IMG_8718,YOLOE,0.71,0.73,0.6,2.2,11.1,8.8,0.5,5.3,10.333,0
IMG_8719,YOLOE,0.65,0.77,0.1,-28.0,-8.9,11.8,0.3,2.033,6.333,0
IMG_8720,YOLOE,0.54,0.94,0.3,-21.2,1.6,6.5,0.5,4.833,8.033,0
IMG_8721,YOLOE,0.58,0.68,1.1,-49.5,11.7,9.6,0.2,5.433,11.567,0
IMG_8722,YOLOE,0.57,0.71,0.5,-37.9,-2.3,14.2,0.1,5.167,9.567,0
IMG_8723,YOLOE,0.53,0.57,1.8,10.6,-13.7,9.2,0.7,6.4,11.7,0
