clip,status,start_x,start_y,end_x,end_y,grasp_time,lift_time,set_down_time,release_time,max_lift_height,end_offset_from_coaster,coaster_diameter,can_found_by,can_confidence,mask_vs_real_shape,distance_check_cm,can_found_fraction,warnings
IMG_8682,ok,-0.2789,-0.0916,-0.1573,-0.1859,5.6,5.6,7.067,8.6,0.0838,0.0009,0.1103,YOLOE,0.753,0.754,0.36,1.0,
IMG_8683,ok,-0.1165,-0.0055,-0.1531,-0.1919,6.367,6.367,8.2,9.1,0.0967,0.0066,0.1104,YOLOE,0.904,0.913,0.24,1.0,
IMG_8684,ok,-0.4019,-0.2259,-0.1546,-0.1902,4.667,4.667,6.3,7.3,0.098,0.0044,0.1105,YOLOE,0.748,0.541,2.25,1.0,
IMG_8685,ok,-0.5205,0.0519,-0.1555,-0.185,4.767,5.033,6.767,7.7,0.128,0.0029,0.1102,YOLOE,0.458,0.611,1.71,1.0,
IMG_8686,ok,-0.3687,0.002,-0.1506,-0.1822,4.533,4.633,6.167,7.4,0.1231,0.0085,0.1102,YOLOE,0.61,0.692,0.3,1.0,
IMG_8687,ok,-0.4597,0.1989,-0.1514,-0.1769,4.533,4.767,6.733,8.1,0.1814,0.0119,0.1103,YOLOE,0.508,0.729,0.34,1.0,
IMG_8688,ok,-0.5768,0.0331,-0.1544,-0.189,3.633,4.333,6.4,8.067,0.0919,0.0038,0.1104,YOLOE,0.444,0.587,1.45,1.0,
IMG_8689,ok,-0.0982,-0.0601,-0.1567,-0.1923,4.567,6.167,8.067,10.133,0.1051,0.0064,0.1085,YOLOE,0.909,0.813,0.82,1.0,
IMG_8690,ok,-0.508,0.1039,-0.1588,-0.184,5.9,5.9,8.167,9.767,0.1804,0.0033,0.1104,YOLOE,0.415,0.663,1.32,1.0,
IMG_8691,ok,0.0877,-0.1767,-0.1579,-0.1922,4.267,6.067,7.3,9.133,0.0697,0.0052,0.1104,YOLOE,0.603,0.582,1.78,0.995,
IMG_8692,ok,-0.5795,-0.005,-0.1544,-0.1948,5.3,6.233,9.3,10.967,0.1543,0.0084,0.1104,YOLOE,0.457,0.603,1.62,0.996,
IMG_8693,ok,-0.4345,0.1825,-0.163,-0.1885,4.633,5.633,8.4,10.333,0.1673,0.0058,0.1104,YOLOE,0.591,0.712,0.55,1.0,
IMG_8694,ok,-0.2541,-0.2201,-0.1561,-0.1904,4.9,4.967,7.867,10.5,0.1085,0.0054,0.113,YOLOE,0.784,0.759,0.34,1.0,
IMG_8695,ok,-0.382,-0.0852,-0.1564,-0.1909,3.933,5.7,8.167,9.533,0.1346,0.0038,0.1104,YOLOE,0.667,0.636,1.09,1.0,
IMG_8696,ok,-0.5,0.0213,-0.1611,-0.1885,4.5,5.533,8.433,10.1,0.1942,0.0036,0.1102,YOLOE,0.648,0.623,1.42,0.991,
IMG_8697,ok,-0.5588,0.0523,-0.1569,-0.1926,4.433,4.433,6.867,7.833,0.1954,0.0053,0.1101,YOLOE,0.399,0.596,1.67,0.993,
IMG_8698,ok,-0.5679,0.0329,-0.1561,-0.1883,3.967,3.967,8.7,10.033,0.1123,0.0017,0.1102,YOLOE,0.511,0.584,1.85,0.997,
IMG_8699,ok,-0.1058,-0.1143,-0.1544,-0.191,4.733,5.233,6.933,9.333,0.0992,0.0067,0.1135,YOLOE,0.737,0.856,1.31,1.0,
IMG_8700,check,-0.4385,-0.2385,-0.1578,-0.1889,4.5,4.5,6.367,7.867,0.005,0.0015,0.1104,YOLOE,0.599,0.519,13.69,0.993,size-based distance disagrees with the table by 13.7 cm at rest; carried heights in this clip are less reliable
IMG_8701,ok,-0.1607,-0.0975,-0.1555,-0.1901,5.933,5.933,7.733,10.567,0.1214,0.0034,0.11,YOLOE,0.458,0.959,0.31,0.987,
IMG_8702,ok,0.1056,-0.0679,-0.1552,-0.1888,4.933,5.033,6.833,8.467,0.0771,0.003,0.1101,YOLOE,0.622,0.6,1.82,0.998,
IMG_8703,ok,-0.3225,-0.1934,-0.157,-0.1901,6.667,6.667,8.8,11.733,0.1091,0.0028,0.1101,YOLOE,0.763,0.695,1.44,0.991,
IMG_8704,ok,-0.3629,-0.0737,-0.1585,-0.1893,3.533,3.633,5.6,8.267,0.0875,0.002,0.1101,YOLOE,0.726,0.696,1.56,0.997,
IMG_8705,ok,-0.3424,-0.0943,-0.1562,-0.1902,4.967,4.967,7.4,9.567,0.1141,0.0033,0.1102,YOLOE,0.729,0.686,1.39,1.0,
IMG_8706,ok,-0.3369,-0.0099,-0.1587,-0.1923,4.533,4.933,7.033,9.133,0.1476,0.0052,0.1102,YOLOE,0.739,0.734,0.64,1.0,
IMG_8707,ok,-0.1649,0.0075,-0.1543,-0.1896,4.5,4.667,6.867,9.067,0.122,0.0042,0.1102,YOLOE,0.809,0.964,0.26,1.0,
IMG_8708,ok,-0.5529,-0.014,-0.1573,-0.1823,5.267,5.4,8.833,10.167,0.1111,0.005,0.1102,YOLOE,0.582,0.581,1.97,1.0,
IMG_8709,ok,-0.4423,0.1966,-0.1562,-0.1896,5.0,5.433,9.167,11.0,0.1034,0.0029,0.1103,YOLOE,0.569,0.756,0.91,1.0,
IMG_8710,ok,-0.2918,-0.231,-0.1604,-0.1915,4.133,4.4,7.867,8.967,0.0984,0.0047,0.1104,YOLOE,0.803,0.67,1.1,1.0,
IMG_8711,ok,-0.2733,-0.1645,-0.1567,-0.1931,4.533,4.667,6.3,8.033,0.1011,0.0061,0.1106,YOLOE,0.653,0.785,0.66,0.997,
IMG_8712,ok,-0.5332,0.14,-0.1627,-0.1862,5.033,5.5,9.367,11.167,0.1341,0.0051,0.1102,YOLOE,0.282,0.668,1.48,1.0,
IMG_8713,ok,-0.1384,0.1386,-0.1519,-0.1903,6.1,6.267,8.733,10.533,0.0688,0.0068,0.11,YOLOE,0.776,0.921,2.18,1.0,
IMG_8714,ok,-0.5913,0.0159,-0.1623,-0.1851,3.733,5.567,8.733,11.8,0.0824,0.0051,0.1102,YOLOE,0.515,0.573,2.01,1.0,
IMG_8715,check,-0.1561,-0.1879,-0.1569,-0.1893,2.633,2.667,5.0,7.233,0.1245,0.0023,0.1102,YOLOE,0.405,0.879,0.47,1.0,"the can starts on the coaster, so this clip is not a move from elsewhere"
IMG_8716,ok,-0.1062,-0.1099,-0.1534,-0.1877,6.333,6.333,8.367,9.733,0.0744,0.0044,0.1098,YOLOE,0.727,0.815,0.15,1.0,
IMG_8717,ok,-0.3614,0.1505,-0.1512,-0.1882,5.667,5.867,7.533,10.267,0.0811,0.0065,0.1102,YOLOE,0.638,0.884,2.02,1.0,
IMG_8718,ok,0.0224,0.1113,-0.1557,-0.1827,5.3,5.3,8.367,10.333,0.0879,0.0052,0.1104,YOLOE,0.711,0.732,0.63,1.0,
IMG_8719,ok,-0.2798,-0.0893,-0.1561,-0.1898,2.033,2.033,4.133,6.333,0.1182,0.003,0.1104,YOLOE,0.648,0.772,0.13,0.995,
IMG_8720,ok,-0.212,0.0162,-0.1547,-0.1826,4.833,4.833,6.567,8.033,0.065,0.0054,0.1104,YOLOE,0.537,0.94,0.3,1.0,
IMG_8721,ok,-0.4952,0.1171,-0.1562,-0.1863,5.433,5.833,9.9,11.567,0.0963,0.0021,0.1104,YOLOE,0.578,0.682,1.09,1.0,
IMG_8722,ok,-0.3794,-0.0229,-0.1576,-0.1858,5.167,5.167,8.133,9.567,0.1418,0.0015,0.1104,YOLOE,0.569,0.712,0.47,1.0,
IMG_8723,ok,0.1061,-0.1369,-0.1519,-0.1845,6.4,6.6,9.333,11.7,0.0923,0.0069,0.1104,YOLOE,0.533,0.575,1.77,1.0,
